"0","apply(sim, 1, sd)
"
"1","[1]"
"1"," 0.0003835006"
"1"," 0.0025167915"
"1","
"
